TW,Taiwan
AF,Afghanistan
AL,Albania
DZ,Algeria
AS,American Samoa
AD,Andorra
AO,Angola
AI,Anguilla
AQ,Antarctica
AG,Antigua and Barbuda
AR,Argentina
AM,Armenia
AW,Aruba
AU,Australia
AT,Austria
AZ,Azerbaijan
BS,Bahamas
BH,Bahrain
BD,Bangladesh
BB,Barbados
BY,Belarus
BE,Belgium
BZ,Belize
BJ,Benin
BM,Bermuda
BT,Bhutan
BO,Bolivia
BQ,"Bonaire,"
BA,Bosnia
BW,Botswana
BV,Bouvet Island
BR,Brazil
IO,British Indian Ocean Territory
VG,Virgin Islands
BN,Brunei
BG,Bulgaria
BF,Burkina Faso
BI,Burundi
CV,Cabo Verde
KH,Cambodia
CM,Cameroon
CA,Canada
KY,Cayman Islands
CF,Central African Rep.
TD,Chad
CL,Chile
CN,China
HK,Hong Kong
MO,Macao
CX,Christmas Island
CC,Cocos Islands
CO,Colombia
KM,Comoros
CG,Congo
CK,Cook Islands
CR,Costa Rica
HR,Croatia
CU,Cuba
CW,Curaçao
CY,Cyprus
CZ,Czech
CI,Côte d'Ivoire
KP,North Korea
CD,Drep Congo
DK,Denmark
DJ,Djibouti
DM,Dominica
DO,Dominican Rep.
EC,Ecuador
EG,Egypt
SV,El Salvador
GQ,Equatorial Guinea
ER,Eritrea
EE,Estonia
ET,Ethiopia
FK,Malvinas
FO,Faroe Islands
FJ,Fiji
FI,Finland
FR,France
GF,French Guiana
PF,French Polynesia
TF,French Southern Ter.
GA,Gabon
GM,Gambia
GE,Georgia.Coun
DE,Germany
GH,Ghana
GI,Gibraltar
GR,Greece
GL,Greenland
GD,Grenada
GP,Guadeloupe
GU,Guam
GT,Guatemala
GG,Guernsey
GN,Guinea
GW,Guinea-Bissau
GY,Guyana
HT,Haiti
HM,Heard and McDonald Islands
VA,Holy See
HN,Honduras
HU,Hungary
IS,Iceland
IN,India
ID,Indonesia
IR,Iran
IQ,Iraq
IE,Ireland
IM,Isle of Man
IL,Israel
IT,Italy
JM,Jamaica
JP,Japan
JE,Jersey
JO,Jordan
KZ,Kazakhstan
KE,Kenya
KI,Kiribati
KW,Kuwait
KG,Kyrgyzstan
LA,Lao
LV,Latvia
LB,Lebanon
LS,Lesotho
LR,Liberia
LY,Libya
LI,Liechtenstein
LT,Lithuania
LU,Luxembourg
MG,Madagascar
MW,Malawi
MY,Malaysia
MV,Maldives
ML,Mali
MT,Malta
MH,Marshall Islands
MQ,Martinique
MR,Mauritania
MU,Mauritius
YT,Mayotte
MX,Mexico
FM,Micronesia
MC,Monaco
MN,Mongolia
ME,Montenegro
MS,Montserrat
MA,Morocco
MZ,Mozambique
MM,Myanmar
NAA,Namibia
NR,Nauru
NP,Nepal
NL,Netherlands
NC,New Caledonia
NZ,New Zealand
NI,Nicaragua
NE,Niger
NG,Nigeria
NU,Niue
NF,Norfolk Island
MP,Mariana Islands
NO,Norway
OM,Oman
PK,Pakistan
PW,Palau
PA,Panama
PG,Papua New Guinea
PY,Paraguay
PE,Peru
PH,Philippines
PN,Pitcairn
PL,Poland
PT,Portugal
PR,Puerto Rico
QA,Qatar
KR,South Korea
MD,Moldova
RO,Romania
RU,Russia
RW,Rwanda
RE,Réunion
BL,Saint Barthélemy
SH,Saint Helena
KN,Saint Kitts and Nevis
LC,Saint Lucia
MF,Saint Martin
PM,Saint Pierre and Miquelon
VC,Saint Vincent and the Grenadines
WS,Samoa
SM,San Marino
ST,Sao Tome and Principe
,Sark
SA,Saudi Arabia
SN,Senegal
RS,Serbia
SC,Seychelles
SL,Sierra Leone
SG,Singapore
SX,Sint Maarten
SK,Slovakia
SI,Slovenia
SB,Solomon Islands
SO,Somalia
ZA,South Africa
GS,South Georgia and Sandwich Islands
SS,South Sudan
ES,Spain
LK,Sri Lanka
PS,Palestine
SD,Sudan
SR,Suriname
SJ,Svalbard and Jan Mayen Islands
SZ,Swaziland
SE,Sweden
CH,Switzerland
SY,Syria
TJ,Tajikistan
TH,Thailand
MK,Macedonia
TL,Timor-Leste
TG,Togo
TK,Tokelau
TO,Tonga
TT,Trinidad and Tobago
TN,Tunisia
TR,Turkey
TM,Turkmenistan
TC,Turks and Caicos Islands
TV,Tuvalu
UG,Uganda
UA,Ukraine
AE,Arab Emirates
GB,United Kingdom
TZ,Tanzania
UM,United States Islands
VI,Virgin Islands
US,United States
UY,Uruguay
UZ,Uzbekistan
VU,Vanuatu
VE,Venezuela
VN,Viet Nam
WF,Wallis and Futuna Islands
EH,Western Sahara
YE,Yemen
ZM,Zambia
ZW,Zimbabwe
AX,Åland Islands